LENSEGUA,ESPAÑOL
abuela 70 años tener,Mi abuela tiene 70 años.
abuelo 70 años tener,Mi abuelo tiene 70 años.
abuelo enfermo mucho,Mi abuelo está muy enfermo.
aeropuerto dónde pregunta,¿Dónde está el aeropuerto?
aeropuerto yo ir cuál pregunta,¿A cuál aeropuerto tengo que ir?
ahora tu libro leer cuál pregunta,¿Cuál libro estás leyendo ahora?
alegre señas aprender y hacer,Es alegre aprender y hacer señas.
amiga desaparecer tu información compartir,Mi amiga desapareció. Comparte la información.
anillo precio cuánto pregunta,¿Cuánto cuesta el anillo?
año pasado ella carro aprender,Ella aprendió a manejar el año pasado.
antes banco tu ir dinero quitar,Fuiste al banco para retirar dinero.
antes biblioteca tu ir para estudiar,Fuiste a la biblioteca para estudiar.
antes cine yo querer ir pero cerrado,Quería ir al cine pero estaba cerrado.
antes escuela tu profesora ver pregunta,¿Viste a la profesora en la escuela?
antes farmacia tu ir para pastillas comprar,Fuiste a la farmacia para comprar pastillas.
antes grande ahora pequeño,Antes era grande ahora es pequeño.
antes hoy piscina tu ir pregunta,¿Fuiste a la piscina hoy?
antes hoy tu almorzar qué pregunta,¿Qué almorzaste hoy?
antes museo tu ir pregunta,¿Fuiste al museo?
antes playa tu ir pregunta,¿Fuiste a la playa?
antes tu abuela ver pregunta,¿Viste a tu abuela?
antes tu abuelo ver pregunta,¿Viste a tu abuelo?
antes tu bombera llamar pregunta,¿Llamaste a la bombera?
antes tu bombero llamar pregunta,¿Llamaste al bombero?
antes tu comer qué pregunta,¿Qué comiste?
antes tu estar enojado pregunta,¿Estabas enojado?
antes tu estar ocupado pregunta,¿Estabas ocupado?
antes tu plantas agua pregunta,¿Regaste las plantas?
antes yo amigo llamar para invitar,Llamé a mi amigo para invitarlo.
antes yo amigo llamar pero contestar no,Llamé a mi amigo pero no contestó.
antes yo café tomar para despertar,Tomé café para despertarme.
antes yo doctor llamar para cita pedir,Llamé al doctor para pedir una cita.
antes yo dormir poco para descansar,Tomé una siesta para descansar.
antes yo feliz pero luego triste,Estaba feliz pero luego me entristecí.
antes yo jefe llamar para saludar,Llamé a mi jefe para saludarlo.
antes yo llamar tu porque emergencia tener,Te llamé porque tenía una emergencia.
antes yo llamar tu porque yo necesitar hablar tu,Te llamé porque necesitaba hablar contigo.
antes yo mamá llamar para saludar,Llamé a mi mamá para saludarla.
antes yo papá llamar para saludar,Llamé a mi papá para saludarlo.
antes yo querer correr pero cansado,Quería correr pero estaba cansado.
antes yo querer dormir pero no poder,Quería dormir pero no podía.
antes yo querer ir pero dinero tener no,Quería ir pero no tenía dinero.
antes yo querer ir pero ocupado,Quería ir pero estaba ocupado.
antes yo querer llamar tu pero tu número olvidar,Quería llamarte pero olvidé tu número.
antes yo querer salir pero cansado,Quería salir pero estaba cansado.
antes yo querer salir pero llover,Quería salir pero estaba lloviendo.
antes yo taxi llamar para aeropuerto ir,Llamé a un taxi para ir al aeropuerto.
aquí tu venir cómo pregunta,¿Cómo veniste aquí?
aquí yo conocer nadie,No conozco a nadie aquí.
árboles hojas verde tener,Los árboles tienen hojas verdes.
autopista yo carro chocar,Choqué mi carro en la autopista.
avión llegar ya pregunta,¿Ya llegó el avión?
ayer biblioteca yo libro interesante encontrar,Ayer encontré un libro interesante en la biblioteca.
ayer bicicleta arruinar,Ayer se arruinó mi bicicleta.
ayer boutique yo playera comprar,Ayer me compré una playera en la boutique.
ayer carro arruinar,Ayer se arruinó mi carro.
ayer casa yo ir,Ayer fui a casa.
ayer cine él ir,Ayer él fue al cine.
ayer cine ellos ir,Ayer ellos fueron al cine.
ayer cine tu ir,Ayer fuiste al cine.
ayer cine yo ir,Ayer fui al cine.
ayer clínica él ir,Ayer él fue a la clínica.
ayer clínica tu ir,Ayer fuiste a la clínica.
ayer clínica yo ir,Ayer fui a la clínica.
ayer colegio hija llegar no enfermo mucho,Ayer mi hija no llegó al colegio porque estaba muy enferma.
ayer él libro leer,Ayer él leyó el libro.
ayer él policía llamar,Ayer él llamó a la policía.
ayer él tarea hacer,Ayer él hizo la tarea.
ayer él vodka tomar,Ayer él tomó vodka.
ayer ella carta escribir,Ayer ella escribió una carta.
ayer ella comida preparar,Ayer ella preparó la comida.
ayer ella correo enviar,Ayer ella envió un correo.
ayer ella policía llamar,Ayer ella llamó a la policía.
ayer ella tarea hacer,Ayer ella hizo la tarea.
ayer ella vodka tomar,Ayer ella tomó vodka.
ayer ellos trabajo terminar,Ayer ellos terminaron el trabajo.
ayer hospital él ir,Ayer él fue al hospital.
ayer hospital tu ir,Ayer fuiste al hospital.
ayer hospital yo ir,Ayer fui al hospital.
ayer hotel él dormir,Ayer él durmió en el hotel.
ayer hotel él ir,Ayer él fue al hotel.
ayer hotel tu dormir,Ayer dormiste en el hotel.
ayer hotel tu ir,Ayer fuiste al hotel.
ayer hotel yo dormir,Ayer dormí en el hotel.
ayer hotel yo ir,Ayer fui al hotel.
ayer mansión yo dormir,Ayer dormí en la mansión.
ayer mercado él ir,Ayer él fue al mercado.
ayer mercado ella ir,Ayer ella fue al mercado.
ayer museo tu ir pregunta,¿Fuiste ayer al museo?
ayer nosotros juego ganar,Ayer ganamos el juego.
ayer nosotros película ver,Ayer vimos una película.
ayer parque yo perro pasear,Ayer paseé al perro en el parque.
ayer playa él ir,Ayer él fue a la playa.
ayer playa ellos ir,Ayer ellos fueron a la playa.
ayer playa tu ir,Ayer fuiste a la playa.
ayer playa tu ir pregunta,¿Fuiste ayer a la playa?
ayer playa yo ir,Ayer fui a la playa.
ayer tienda él ir,Ayer él fue a la tienda.
ayer tienda ella ir,Ayer ella fue a la tienda.
ayer tienda tu ir,Ayer fuiste a la tienda.
ayer tienda tu ropa comprar pregunta,¿Ayer compraste ropa en la tienda?
ayer tienda yo ir,Ayer fui a la tienda.
ayer tu casa limpiar,Ayer limpiaste la casa.
ayer tu comer qué pregunta,¿Qué comiste ayer?
ayer tu llamar amigo,Ayer llamaste a tu amigo.
ayer tu médica ir,Fuiste con la médica ayer.
ayer tu médico ir,Fuiste con el médico ayer.
ayer tu música escuchar,Ayer escuchaste música.
ayer tu película ver,Ayer viste la película.
ayer tu pizza comer pregunta,¿Comiste pizza ayer?
ayer tu plantas agua pregunta,¿Regaste las plantas ayer?
ayer tu policía llamar,Ayer llamaste a la policía.
ayer tu tarea hacer,Ayer hiciste la tarea.
ayer tu vodka tomar,Ayer tomaste vodka.
ayer yo abuela llamar tu pregunta,¿Ayer te llamó mi abuela?
ayer yo abuelo llamar tu pregunta,¿Ayer te llamó mi abuelo?
ayer yo amigo visitar,Ayer visité a un amigo.
ayer yo caminar parque,Ayer caminé en el parque.
ayer yo caminar playa,Ayer caminé en la playa.
ayer yo casa limpiar,Ayer limpié la casa.
ayer yo estofado comer,Ayer comí estofado.
ayer yo gato perder,Ayer se perdió mi gato.
ayer yo llaves encontrar no,Ayer no encontraba mis llaves.
ayer yo pizza comer,Ayer comí pizza.
ayer yo serpiente perder,Ayer se perdió mi serpiente.
ayer yo tarea completar,Ayer completé la tarea.
ayer yo ventana limpiar,Ayer limpié la ventana.
ayer zoológico niña juguete perder pregunta,¿Ayer la niña perdió un juguete en el zoológico?
ayer zoológico niño juguete perder pregunta,¿Ayer el niño perdió un juguete en el zoológico?
ayúdame por favor dinero dar yo,Ayúdame por favor dame dinero.
balón dónde pregunta,¿Dónde está el balón?
banco mamá trabajar,Mi mamá trabaja en un banco.
banco papá trabajar,Mi papá trabaja en un banco.
baño dónde pregunta,¿Dónde está el baño?
baño tu mamá estar pregunta,¿Está tu mamá en el baño?
baño tu papá estar pregunta,¿Está tu papá en el baño?
bebé dormir día,El bebé duerme en el día.
biblioteca estudiante libro buscar,El estudiante busca un libro en la biblioteca.
biblioteca grande pregunta,¿Es grande la biblioteca?
bomberos estar cerca,Los bomberos están cerca.
bomberos estar cerca pregunta,¿Los bomberos están cerca?
cabaña tu gustar pregunta,¿Te gusta la cabaña?
café caliente,El café está caliente.
café caliente pregunta,¿El café está caliente?
calculadora dónde pregunta,¿Dónde está la calculadora?
cama gato dormir,El gato duerme en la cama.
cama tu saltar no,No saltes en la cama.
cambio ser bueno,El cambio es bueno.
camisa precio cuánto pregunta,¿Cuánto cuesta la camisa?
cantar gustar pero hacer bien no,Me gusta cantar pero no lo hago bien.
carro gasolina gastar mucho,Mi carro gasta mucha gasolina.
carro hermano ser rápido mucho,El carro de mi hermano es muy rápido.
casa tu salir ya pregunta,¿Ya saliste de tu casa?
casa tuya pregunta,¿Es tuya la casa?
casa yo abuelos antigua mucho,La casa de mis abuelos es muy antigua.
cerebro estar confundió,Mi cerebro está confundido.
chocolate gustar pero poder comer no,Me gusta el chocolate pero no puedo comerlo.
cielo nublado hoy,Hoy el cielo está nublado.
científica trabajar dónde pregunta,¿Dónde trabaja la científica?
científico trabajar dónde pregunta,¿Dónde trabaja el científico?
cine nosotros película ver,Nosotros vemos una película en el cine.
cita hora pregunta,¿A qué hora es la cita?
cita médica hora pregunta,¿A qué hora es la cita médica?
ciudad tu vivir cuál pregunta,¿En cuál ciudad vives?
clase matemáticas aburrido mucho,La clase de matemáticas es muy aburrida.
clase tu teléfono usar no,No uses el teléfono en clase.
clínica ser buena pregunta,¿Es buena la clínica?
clínica doctor dónde pregunta,¿Dónde está la clínica del doctor?
clínica doctora dónde pregunta,¿Dónde está la clínica de la doctora?
cocina abuela pastel hornear,Mi abuela hornea un pastel en la cocina.
cocina tu mamá estar pregunta,¿Está tu mamá en la cocina?
cocina tu papá estar pregunta,¿Está tu papá en la cocina?
colegio cerca casa,El colegio está cerca de casa.
colegio tu nervioso sentir pregunta,¿Te sientes nervioso en el colegio?
colegio tu salir ya pregunta,¿Ya saliste del colegio?
comida guatemala gustar,Me gusta la comida guatemalteca.
comida italia gustar,Me gusta la comida italiana.
computadora nueva,La computadora es nueva.
computadora nueva pregunta,¿La computadora es nueva?
concierto boletos comprar dónde pregunta,¿Dónde puedo comprar boletos para el concierto?
concierto fecha cuándo pregunta,¿Cuándo es el concierto?
consultorio tu nerviosa sentir pregunta,¿Te sientes nerviosa en el consultorio?
cuando futuro primavera ser yo flores semilla,Cuando sea primavera plantaré flores.
cuando futuro tu ayuda necesitar yo venir,Cuando necesites ayuda yo vendré.
cuando futuro tu casa llegar tu llamar yo,Cuando llegues a tu casa llámame.
cuando futuro tu casar tu invitar yo,Cuando te cases me invitas.
cuando futuro tu salir tu puerta cerrar,Cuando salgas cierra la puerta
cuando futuro verano ser yo playa ir,Cuando sea verano iré a la playa.
cuando futuro yo cumpleaños yo fiesta hacer,Cuando cumpla años haré una fiesta.
cuando futuro yo graduar yo fiesta hacer,Cuando me gradúe haré una fiesta.
cuando futuro yo volver regalos traer,Cuando vuelva traeré regalos.
cuando pasado yo niño ser yo jugar mucho,Cuando era niño jugaba mucho.
cuando tu terminar tu avisar yo,Cuando termines avísame.
cuando yo café tomar yo poner nervioso,Cuando tomo café me pongo nervioso.
cuando yo tiempo libre yo llamar tu,Cuando tenga tiempo te llamaré.
cuñado triste mucho,Mi cuñado está muy triste.
después clase cafetería yo ir,Después de la clase voy a la cafetería.
después comer yo lavar platos,Después de comer lavo los platos.
después correr yo bañar,Después de correr me baño.
después despertar tu desayunar,Después de despertarte desayuna.
después ejercicio hacer yo tomar agua,Después de hacer ejercicio tomo agua.
después escuela hacer mi tarea,Después de la escuela hago mi tarea.
después examen nosotros descansar,Después del examen descansamos.
después película nosotros hablar,Después de la película hablamos.
después reunión yo llamar tu,Después de la reunión te llamo.
después trabajar yo ir ejercicio,Después del trabajo voy al gimnasio.
después ver partido nosotros cenar,Después del partido cenamos.
día cuál pregunta,¿Cuál día?
dios bendiga tu,Dios te bendiga.
dios bendiga tu muchos años vivir,Dios te bendiga y te de muchos años de vida.
dios bendiga usted,Dios lo bendiga.
dios bendiga usted muchos años vivir,Dios lo bendiga y le de muchos años de vida.
disculpar leer no lejos mucho,Disculpe no leo porque está muy lejos.
disculpar yo ver no,Disculpa no veo.
dispositivo funcionar cómo pregunta,¿Cómo funciona este dispositivo?
doctor dónde pregunta,¿Dónde está el doctor?
doctora dónde pregunta,¿Dónde está la doctora?
domingo maría clases cantar recibir,María recibe clases de canto los domingos.
domingos él basquetbol jugar,Él juega basquetbol los domingos.
domingos yo iglesia ir siempre,Los domingos siempre voy a la iglesia. 
dónde puerta emergencias pregunta,¿Dónde está la salida de emergencias?
dos días futuro concierto ser,El concierto es pasado mañana.
durante verano haber calor mucho,Durante el verano hay mucho calor.
duro aceptar guatemala intérprete no haber,Es duro aceptar que no haya intérpretes en Guatemala.
edificio alto,El edificio es alto.
edificio niveles tener muchos,El edificio tiene muchos niveles.
él alto pero jugar baloncesto no,Él es alto pero no juega baloncesto.
él corazón bien tener,Él tiene un buen corazón.
él desayuno cocinar,Él cocina el desayuno.
él electricista pregunta,¿Él es electricista?
él estudiar mientras ella música escuchar,Mientras él estudia ella escucha música.
él frío tener,Él tiene frío.
él fuerte pero rápido no,Él es fuerte pero no es rápido.
él guitarra tocar bien mucho,Él toca la guitarra muy bien.
él hambre tener,Él tiene hambre.
él inteligente,Él es inteligente.
él libro leer,Él lee un libro.
él medicina estudiar,Él estudia medicina.
él noticias escuchar radio,Él escucha las noticias en la radio.
él sed tener,Él tiene sed.
él sueño tener,Él tiene sueño.
él trabajar mientras ella descansar,Mientras él trabaja ella descansa.
él trabajar mucho pero ganar poco,Él trabaja mucho pero gana poco.
él trabajo llegar temprano siempre,Él siempre llega temprano al trabajo.
él tu maestro pregunta,¿Él es tu maestro?
él vivir lejos,Él vive lejos.
él yo diferente opiniones,Él y yo tenemos opiniones diferentes.
ella amable pero a veces abusivo,Ella es amable pero a veces es abusiva.
ella amable pero callado mucho,Ella es amable pero muy callada.
ella bonita pero tímido mucho,Ella es bonita pero muy tímida.
ella café caliente gustar no,A ella no le gusta el café caliente.
ella café gustar no porque amargo,A ella no le gusta el café porque es amargo.
ella calor gustar no,A ella no le gusta el calor.
ella cantar bien pero yo gustar no,Ella canta bien pero no me gusta.
ella carne comer no,Ella no come carne.
ella carro aprender,Ella está aprendiendo a manejar.
ella chocolate caliente gustar mucho,A ella le gusta mucho el chocolate caliente.
ella comida preparar,Ella prepara la comida.
ella frío gustar no,A ella no le gusta el frío.
ella fútbol gustar no,A ella no le gusta el fútbol.
ella gatos gustar no,A ella no le gustan los gatos.
ella idiomas aprender rápido,Ella aprende idiomas rápidamente.
ella ingeniería estudiar,Ella estudia ingeniería.
ella inteligente pero experiencia tener no,Ella es inteligente pero no tiene experiencia.
ella lluvia gustar no,A ella no le gusta la lluvia.
ella perro grande tener,Ella tiene un perro grande.
ella pescado gustar no,A ella no le gusta el pescado.
ella picante gustar no,A ella no le gusta el picante.
ella proyecto liderar,Ella lidera el proyecto
ella temprano levantar gustar no,A ella no le gusta levantarse temprano.
ellos proyecto presentar,Ellos presentan el proyecto.
ellos viaje planear,Ellos planean el viaje.
empresa internacional yo trabajar,Trabajo en una empresa internacional.
escuela niño lápiz usar,El niño usa un lápiz en la escuela.
escuela tu salir ya pregunta,¿Ya saliste de la escuela?
fácil ser no porque gastos haber mucho,No es fácil porque hay muchos gastos.
fin de semana maría cocinar siempre,María siempre cocina los fines de semana.
frente ventana gato dormir,El gato duerme enfrente de la ventana.
fútbol gustar pero baloncesto preferir,Me gusta el fútbol pero prefiero el baloncesto.
futuro abuela venir pronto,Mi abuela vendrá pronto.
futuro abuelo venir pronto,Mi abuelo vendrá pronto.
futuro casa yo ir,Iré a casa.
futuro cine ellos ir,Ellos irán al cine.
futuro diciembre ella casar,Ella se casará en diciembre.
futuro él comida comprar,Él comprará la comida.
futuro él desayuno cocinar,Él cocinará el desayuno.
futuro él libro leer,Él leerá el libro.
futuro ella arte estudiar,Ella estudiará arte.
futuro ella comida preparar,Ella preparará la comida.
futuro ella examen tener,Ella tendrá un examen.
futuro ellos carro comprar,Ellos comprarán un carro.
futuro ellos proyecto presentar,Ellos presentarán el proyecto.
futuro ellos trabajo terminar,Ellos terminarán el trabajo.
futuro maestro venir pronto,El maestro vendrá pronto.
futuro mañana tu comer qué pregunta,¿Qué comerás mañana?
futuro mar yo querer vivir cerca,Me gustaría vivir cerca del mar.
futuro montaña él subir pregunta,¿Él subirá la montaña?
futuro museo nosotros llegar cuándo pregunta,¿Cuándo llegaremos al museo?
futuro museo tu ir pregunta,¿Irás al museo?
futuro nosotros cena cocinar,Cocinaremos la cena.
futuro nosotros ciudad visitar,Visitarémos la ciudad.
futuro nosotros desayuno cocinar,Cocinaremos el desayuno.
futuro nosotros ejercicio hacer,Haremos ejercicio.
futuro nosotros equipo ser,Seremos un equipo.
futuro nosotros juego ganar,Ganaremos el juego.
futuro nosotros problema resolver,Resolveremos el problema.
futuro perfumería tu comprar qué pregunta,¿Qué vas a comprar en la perfumería?
futuro playa tu novia ir pregunta,¿Irás a la playa con tu novia?
futuro supermercado tu ir pregunta,¿Irás al supermercado?
futuro tienda ella ir,Ella irá a la tienda.
futuro tu boleto avión comprar,Comparás un boleto de avión.
futuro tu comer qué pregunta,¿Qué comerás?
futuro tu estar enojado pregunta,¿Estarás enojado?
futuro tu estar ocupado pregunta,¿Estarás ocupado?
futuro tu música escuchar,Escucharás música.
futuro tu película ver,Verás la película.
futuro tu regalo comprar qué pregunta,¿Qué regalo vas a comprar?
futuro tu tarea hacer,Harás la tarea.
futuro volcán tu subir pregunta,¿Subirás el volcán?
futuro yo bailar gustar aprender,Me gustaría aprender a bailar.
futuro yo comida perro comprar,Compraré comida de perro.
futuro yo desayuno cocinar,Cocinaré el desayuno.
futuro yo hablar ella,Hablaré con ella.
futuro yo lugar nunca olvidar,Nunca olvidaré ese lugar.
futuro yo persona nunca olvidar,Nunca olvidaré a esa persona.
futuro yo recuerdo nunca olvidar,Nunca olvidaré ese recuerdo.
futuro yo reunión poder asistir no,No podré asistir a la reunión.
futuro yo tarea terminar,Terminaré la tarea.
futuro yo tiempo familia estar querer más,Me gustaría estar más tiempo con mi familia.
futuro yo tranquilo sentir gustar aprender,Me gustaría aprender a meditar.
futuro yo verdad decir,Diré la verdad.
futuro yo viajar cuando curso terminar.,Viajaré cuando el curso termine.
garage bicicleta estar pregunta,¿Está la bicicleta en el garage?
gerente dónde pregunta,¿Dónde está el gerente?
gobierno apoyar no,El gobierno no apoya.
gracias información,Gracias por la información.
gramática sordo diferente,La gramática de los sordos es diferente.
haber carro mucho,Hay tráfico.
hermana medicina estudiar,Mi hermana estudia medicina.
hermana perro pequeño tener,Mi hermana tiene un perro pequeño.
hermano inteligente mucho,Mi hermano es muy inteligente.
hermano medicina estudiar,Mi hermano estudia medicina.
hijo sordo yo oyente,Mi hijo es sordo y yo soy oyente.
hola yo maría,Hola soy María.
hola yo pedro,Hola soy Pedro.
hola yo sordo josé,Hola soy José y soy sordo.
hola yo sordo maría,Hola soy María y soy sorda.
hora empezar clase pregunta,¿A qué hora comienza la clase?
hora qué pregunta,¿Qué hora es?
hora reunión pregunta,¿A qué hora es la reunión?
hora tu trabajo salir pregunta,¿A qué hora sales del trabajo?
hormigas mucho pregunta,¿Hay muchas hormigas?
hospital bueno pregunta,¿Es bueno el hospital?
hospital doctor pacientes atender,El doctor atiende pacientes en el hospital.
hotel cuarto vacío tener mucho,El hotel tiene muchas habitaciones disponibles.
hoy alumnos ocupados mucho,Los estudiantes están muy ocupados hoy.
hoy casa yo querer salir no,No quiero salir de casa hoy.
hoy cine estar cerrado,El cine está cerrado hoy.
hoy clase haber pregunta,¿Hay clase hoy?
hoy día qué pregunta,¿Qué día es hoy?
hoy ella sentir bien no,Ella no se siente bien hoy.
hoy fiesta haber pregunta,¿Hay fiesta hoy?
hoy noche yo fiesta querer ir no,No quiero ir a la fiesta esta noche.
hoy tarde tu hacer qué pregunta,¿Qué vas a hacer esta tarde?
hoy tu desayunar qué pregunta,¿Qué desayunaste hoy?
hoy tu día cómo pregunta,¿Cómo estuvo tu día?
hoy tu película ver cuál pregunta,¿Cuál película viste hoy?
hoy tu pizza comer pregunta,¿Comiste pizza hoy?
hoy tu plantas agua pregunta,¿Regaste las plantas hoy?
hoy tu sentir cómo pregunta,¿Cómo te sientes hoy?
hoy tu trabajo tener ir pregunta,¿Tienes que ir a trabajar?
hoy yo querer estudiar no,No quiero estudiar hoy.
hoy yo reunión importante tener,Hoy tengo una reunión importante.
hoy yo sentir bien no,No me siento bien hoy.
importante aprender lengua señas,Es importante aprender la lengua de señas.
importante saber matemáticas,Es importante saber matemáticas.
información falsa,La información es falsa.
intérpretes solo televisión trabajar para dinero ganar no para sordos ayudar,Los intérpretes solo trabajan en televisión para ganar dinero no para ayudar a los sordos.
invierno nieve caer,Cae nieve en el invierno.
jardín flores tener mucho,El jardín tiene muchas flores.
jardín flores oler bien,Las flores del jardín huelen bien.
jardín flores tener,El jardín tiene flores.
jardín jardinero flores regar,El jardinero riega las flores del jardín.
jardín mariposas haber,En el jardín hay mariposas.
jardín niño pelota jugar,El niño juega con su pelota en el jardín.
jardín pajaro haber pregunta,¿Hay un pájaro en el jardín?
jefe enojado,El jefe está enojado.
juego divertido mucho,El juego es muy divertido.
jueves él examen tener,Él tiene un examen el jueves.
jueves ella examen tener,Ella tiene un examen el jueves.
jueves yo examen tener,Tengo un examen el jueves.
julio yo cumpleaños,En julio es mi cumpleaños.
laboratorio cuaderno estar pregunta,¿Está el cuaderno en el laboratorio?
lago patos haber,En el lago hay patos.
lancha llegar ya pregunta,¿Ya llegó la lancha?
libro precio cuánto pregunta,¿Cuánto cuesta el libro?
libros miedo gustar,Me gustan los libros de miedo.
maestra enseñar hablar solo,La maestra solo enseña a hablar.
maestra pronto venir,La profesora viene pronto.
maestro venir pronto,El profesor viene pronto.
maestro ya aquí,El profesor ya vino.
mamá cocinar bien mucho,Mi mamá cocina muy bien.
mamá enferma,Mi mamá está enferma.
mamá feliz mucho,Mi mamá está muy feliz.
mamá pasteles gustar hacer,A mi madre le gusta hacer pasteles.
mañana biblioteca yo ir libros buscar,Mañana iré a la biblioteca a buscar libros.
mañana casa yo ir,Mañana iré a casa.
mañana cine ellos ir,Mañana ellos irán al cine.
mañana clase haber pregunta,¿Hay clase mañana?
mañana clase yo poder asistir no,Mañana no podré asistir a la clase.
mañana concierto,Mañana es el concierto.
mañana él libro leer,Mañana él leerá el libro.
mañana él vodka tomar,Mañana él tomará vodka.
mañana ella clase asistir pregunta ,¿Ella asistirá a clase mañana?
mañana ella comida preparar,Mañana ella preparará la comida.
mañana ellos proyecto presentar,Mañana ellos presentarán el proyecto.
mañana ellos trabajo terminar.,Mañana ellos terminarán el trabajo.
mañana fiesta haber pregunta,¿Hay fiesta mañana?
mañana nosotros juego ganar,Mañana ganaremos el juego.
mañana nosotros problema resolver,Mañana resolveremos el problema.
mañana oficina él ir pregunta,¿Él irá a la oficina mañana?
mañana outlet ella ir,Mañana ella irá a el outlet.
mañana playa ellos ir,Mañana ellos irán a la playa.
mañana tu casa limpiar,Mañana limpiarás la casa.
mañana tu clase tener pregunta,¿Tienes clase mañana?
mañana tu escuela ir pregunta,¿Mañana irás a la escuela?
mañana tú examen importante tener,Mañana tienes un examen importante.
mañana tu ir trabajar pregunta,¿Vas a trabajar mañana?
mañana tu querer hacer qué pregunta,¿Qué quieres hacer mañana?
mañana tu vodka tomar,Mañana tomarás vodka.
mañana universidad él ir,Mañana él irá a la universidad.
mañana universidad ella ir,Mañana ella irá a la universidad.
mañana universidad tu ir,Mañana irás a la universidad.
mañana universidad yo ir,Mañana iré a la universidad.
mañana yo casa limpiar,Mañana limpiaré la casa.
mañana yo cita tener,Mañana tengo una cita.
mañana yo examen tener,Mañana tengo un examen.
mañana yo feria ir,Mañana iré a la feria.
mañana yo supermercado ir,Mañana iré al supermercado.
mercado abrir temprano,El mercado abre temprano.
mercado mamá frutas comprar,Mi mamá compra frutas en el mercado.
mercado yo fruta fresca comprar,Compro fruta fresca en el mercado.
mes pasado yo carro nuevo comprar,El mes pasado me compré un carro nuevo.
mesa tu pies poner no,No pongas los pies sobre la mesa.
montaña nieve cubrir,La montaña está cubierta de nieve.
mudo decir no sordo decir sí,No se dice mudo se dice sordo.
muñeca tuya pregunta,¿Es tuya la muñeca?
museo dónde pregunta,¿Dónde está el museo?
museo grande,El museo es grande.
música suave gustar,Me gusta la música clásica.
no guerra sí paz,No a la guerra sí a la paz.
noche ayer cena delicioso,La cena de anoche estuvo deliciosa.
noche ayer yo película ver no,No vi la película anoche.
noche biblioteca cerrar,La biblioteca cierra en la noche.
noche caminar ser peligroso,Es peligroso caminar de noche.
noche ciudad peligrosa,La ciudad es peligrosa por la noche.
nosotros cena cocinar,Estamos cocinando la cena.
nosotros fiesta organizar para amigo,Nosotros organizamos una fiesta para un amigo.
nueve en punto tren llegar,El tren llega a las nueve en punto.
océano grande mucho,El océano es muy grande.
oficina secretaria computadora usar,La secretaria usa la computadora en la oficina.
ojalá avión bajar pronto,Espero que el vuelo aterrice pronto.
ojalá baño haber cerca,Espero que haya un baño cerca.
ojalá carro mucho no,Espero que no haya tráfico.
ojalá examen fácil,Espero que el examen sea fácil.
ojalá hoy carro mucho no,Ojalá hoy no haya tanto tráfico.
ojalá mañana llover no,Ojalá mañana no llueva.
ojalá policía venir pronto,Espero que el policía venga pronto.
ojalá problemas haber no,Espero que no haya problemas.
ojalá reunión ser útil,Espero que la reunión sea útil.
ojalá tarea ser fácil,Espero que la tarea sea fácil.
ojalá tu buen día tener,Espero que tengas un buen día.
ojalá tu gustar cosas comprar,Espero que disfrutes tu pedido.
ojalá tu gustar regalo,Espero que te guste el regalo.
ojalá tu mejorar pronto,Espero que te mejores pronto.
ojalá tu regresar,Espero que vuelvas.
ojalá tu sentir mejor pronto,Espero que te sientas mejor pronto.
ojalá tu sorpresa gustar,Espero que te guste la sorpresa.
ojalá tu teléfono encontrar,Espero que encuentres tu teléfono.
ojalá tu vacaciones disfrutar,Espero que disfrutes tus vacaciones.
opinión cada persona,Cada uno tiene su opinión.
otro año hermana casar,Mi hermana se casará el otro año.
otro país mejor amigo vivir,Mi mejor amigo vive en otro país.
padres casa grande vivir,Mis padres viven en una casa grande.
pajaros cantar mañana,Los pájaros cantan en la mañana.
panadería dónde pregunta,¿Dónde está la panadería?
panadería tu cerca estar pregunta,¿Estás cerca la panadería?
papá enojado mucho,Mi papá está muy enojado.
parada lejos pregunta,¿Está lejos la parada?
parque juegos tener mucho,El parque tiene muchos juegos.
parque perro correr,El perro corre en el parque.
parque tu gustar pregunta,¿Te gusta el parque?
pasada bus cerca mucho,La parada de bus está muy cerca.
pasado alumnos estar estudiando,Los alumnos estaban estudiando.
pasado avión llegar rápido,El avión llegó rápido.
pasado ayer museo tu ir pregunta,¿Fuiste ayer al museo?
pasado ayer perfumería tu comprar qué pregunta,¿Qué compraste ayer en la perfumería?
pasado ayer tu comer qué pregunta,¿Qué comiste ayer?
pasado ayer yo abuela llamar tu pregunta,¿Ayer te llamó mi abuela?
pasado ayer yo abuelo llamar tu pregunta,¿Ayer te llamó mi abuelo?
pasado banco tu ir pero cerrado,Fuiste al banco pero estaba cerrado.
pasado bomberos incendio apagar,Los bomberos apagaron al incendio.
pasado casa yo ir,Fui a casa.
pasado casa yo quedar porque frío haber,Me quedé en casa porque hacía frío.
pasado casa yo quedar porque yo cansado,Me quedé en casa porque estaba cansado.
pasado casa yo quedar porque yo querer salir no,Me quedé en casa porque no quería ir.
pasado casa yo salir no porque lluvia,No salí de casa porque estaba lloviendo.
pasado casa yo salir para aire,Salí de casa para tomar aire fresco.
pasado cine ellos ir,Ellos fueron al cine.
pasado cine tu novia ir pregunta,¿Fuiste al cine con tu novia?
pasado concierto yo ir pero gustar no,Fui al concierto pero no me gustó.
pasado él ayuda pedir para problema resolver,Él pidió ayuda para resolver el problema.
pasado él cena cocinar para familia,Él cocinó la cena para su familia.
pasado él comida comprar,Él compró la comida.
pasado él desayuno cocinar,Él cocinó el desayuno.
pasado él desayuno cocinar para familia,Él cocinó el desayuno para su familia.
pasado él enojar porque dormir no,Él se enojó porque no durmió.
pasado él libro leer,Él leyó el libro.
pasado él mesa poner para cenar,Él puso la mesa para cenar.
pasado él morir tiempo años,Murió hace años.
pasado él morir tiempo mes,Murió hace meses.
pasado ella arte estudiar,Ella estudió arte.
pasado ella carta escribir,Ella escribió una carta.
pasado ella comida preparar,Ella prepararó la comida.
pasado ella estudiar no porque cansada,Ella no estudió porque estaba cansada.
pasado ella examen tener,Ella tuvo un examen.
pasado ella ir porque enojada,Ella se fue porque estaba enojada.
pasado ella llorar porque triste sentir,Ella estaba llorando porque se sintió triste.
pasado ella venir no porque ocupada,Ella no vino porque estaba ocupada.
pasado ellos carro comprar,Ellos compraron un carro.
pasado ellos clase recibir,Ellos recibieron la clase.
pasado ellos examen aprobar,Ellos aprobaron el examen
pasado ellos proyecto presentar,Ellos presentaron el proyecto.
pasado ellos trabajo terminar,Ellos terminaron el trabajo.
pasado estudiante tarea hacer,El estudiante hizo su tarea.
pasado florería tu amiga ver pregunta,¿Viste a tu amiga en la florería?
pasado hospital tu médico ver pregunta,¿Viste al médico en el hospital? 
pasado hotel tu reservar pregunta,¿Reservaste el hotel?
pasado llover mucho,Llovió mucho.
pasado maestro venir pronto,El profesor vino pronto.
pasado médico yo ir pero él ayudar yo no,Fui al médico pero no me ayudó.
pasado mercado tu ir para frutas comprar,Fuiste al mercado para comprar frutas.
pasado mercado tu uvas comprar pregunta,¿Compraste uvas en el mercado?
pasado montaña él subir pregunta,¿Él subió la montaña?
pasado museo tu amigo visitar pregunta,¿Visitaste el museo con tu amigo?
pasado museo tu ir pregunta,¿Fuiste al museo?
pasado museo tu visitar pregunta,¿Visitaste el museo?
pasado nosotros cena cocinar,Cocinamos la cena.
pasado nosotros ciudad visitar,Visitamos la ciudad.
pasado nosotros desayuno cocinar,Cocinamos el desayuno.
pasado nosotros ejercicio hacer,Hicimos ejercicio.
pasado nosotros equipo,Fuimos un equipo.
pasado nosotros juego ganar,Ganamos el juego.
pasado nosotros problema resolver,Resolvimos el problema.
pasado oficina papá ir,Mi papá fue a la oficina.
pasado parque tu ir para pasear,Fuiste al parque para pasear.
pasado parque yo ir pero cerrado,Fui al parque pero estaba cerrado.
pasado parqueo tu amigo ver pregunta,¿Viste a tu amigo en el parqueo?
pasado perfumería tu comprar qué pregunta,¿Qué compraste en la perfumería?
pasado playa ellos ir,Ellos fueron a la playa.
pasado playa turistas haber mucho,En la playa había muchos turistas.
pasado playa yo ir pero llover,Fui a la playa pero llovió.
pasado supermercado tu ir pregunta,¿Fuiste al supermercado?
pasado taller tu ir para carro arreglar,Fuiste al taller para arreglar tu carro.
pasado tienda ella ir,Ella fue a la tienda.
pasado tienda tu ir pero comprar nada,Fuiste a la tienda pero no compraste nada.
pasado tren llegar puntual,El tren llegó puntual.
pasado tu boleto avión comprar,Compraste un boleto de avión.
pasado tu estar enojado pregunta,¿Estabas enojado?
pasado tu estar ocupado pregunta,¿Estabas ocupado?
pasado tu invitar yo pero yo ir no,Me invitaste pero no fui.
pasado tu invitar yo pero yo poder ir no,Me invitaste pero no pude ir.
pasado tu jirafa ver pregunta,¿Viste la jirafa?
pasado tu libro abrir,Abriste el libro.
pasado tu llamar yo pero yo responder no,Me llamaste pero no contesté.
pasado tu mensaje recibir,¿Recibiste el mensaje?
pasado tu música escuchar,Escuchaste música.
pasado tu película ver,Viste la película.
pasado tu plantas agua pregunta,¿Regaste las plantas?
pasado tu regalo comprar para tu madre,Compraste un regalo para tu madre.
pasado tu regalo comprar qué pregunta,¿Qué regalo compraste?
pasado tu tarea hacer,Hiciste la tarea.
pasado tu tarea terminar pregunta,¿Terminaste la tarea?
pasado tu tomate comprar pregunta,¿Compraste tomates?
pasado volcán tu subir pregunta,¿Subiste el volcán?
pasado yo abrigo llevar para frío tener no,Llevé un abrigo para no tener frío.
pasado yo alarma escuchar no,No escuché la alarma.
pasado yo beber no poque sed tener no,No bebí porque no tenía sed.
pasado yo caer porque escalera ver no,Me caí porque no vi la escalera.
pasado yo camino encontrar no,No encontré el camino.
pasado yo camino poder encontrar no,No pude encontrar el camino.
pasado yo casa cambiar,Me mudé.
pasado yo cine ir no porque dinero tener no,No fui al cine porque no tenía dinero.
pasado yo cine ir no porque película gustar no,No fui al cine porque no me gustaba la película.
pasado yo ciudad cambiar por trabajo,Me mudé de ciudad por trabajo.
pasado yo ciudad ir no porque yo trabajar,No fui a la ciudad porque estaba trabajando.
pasado yo clase tomar para inglés aprender,Tomé clases para aprender inglés.
pasado yo comer no porque yo comida gustar no,No comí porque no me gustaba la comida.
pasado yo comer no porque yo hambre tener no,No comí porque no tenía hambre.
pasado yo comer no porque yo lleno,No comí porque estaba lleno.
pasado yo comida comprar pero ahora hambre tener no,Compré comida pero no tengo hambre.
pasado yo comida perro comprar,Compré comida de perro.
pasado yo concierto ir no porque entrada tener no,No fui al concierto porque no tenía una entrada.
pasado yo concierto poder ir no,No pude ir al concierto.
pasado yo correr no porque pierna dolor,No corrí porque me dolía la pierna.
pasado yo correr para salud,Salí a correr para estar en forma.
pasado yo desayuno cocinar,Cociné el desayuno.
pasado yo despertar temprano para correr,Me desperté temprano para correr.
pasado yo despertar temprano para día aprovechar mejor,Me levanté temprano para aprovechar el día.
pasado yo dormir bien no porque ruido haber mucho,No dormí bien porque había mucho ruido.
pasado yo dormir no porque hacer calor,No dormí porque hacía calor.
pasado yo escribir no porque papel tener no,No escribí porque no tenía papel.
pasado yo escribir no porque tiempo tener no,No escribí porque no tenía tiempo.
pasado yo estudiar mucho pero examen ganar no,Estudié mucho pero no aprobé el examen.
pasado yo estudiar mucho porque clase querer ganar,Estudié mucho porque quería ganar la clase.
pasado yo estudiar no porque cansado,No estudié porque estaba cansado.
pasado yo estudiar no porque libros tener no,No estudié porque no tenía libros.
pasado yo fiesta ir no,No fui a la fiesta.
pasado yo flores comprar,Compré flores.
pasado yo guitarra practicar para concierto,Practiqué guitarra para el concierto.
pasado yo ir no porque energía tener no,No fui porque no tenía energía.
pasado yo ir no porque yo alguien esperar,No me fui porque estaba esperando a alguien.
pasado yo ir no porque yo sentir mal,No fui porque me sentía mal.
pasado yo ir temprano para carro mucho evitar,Me fui temprano para evitar el tráfico.
pasado yo jugar no porque yo enfermo,No jugué porque estaba enfermo.
pasado yo jugar no porque yo ocupado,No jugué porque estaba ocupado.
pasado yo libro comprar pero todavía leer no,Compré el libro pero aún no lo he leído.
pasado yo llamar a tu no porque número tener no,No te llamé porque no tenía tu número.
pasado yo llegar no porque dirección saber no,No llegué porque no sabía la dirección.
pasado yo luz encender para ver mejor,Encendí la luz para ver mejor.
pasado yo matemáticas estudiar,Estudié matemáticas.
pasado yo medicina comprar para mamá,Compré medicina para mi mamá.
pasado yo música escuchar mientras cocinar,Mientras cocinaba escuchaba música.
pasado yo pasaporte perder,Perdí mi pasaporte.
pasado yo playa ir no porque lluvia,No fui a la playa porque estaba lloviendo.
pasado yo practicar mucho para concurso ganar,Practiqué mucho para ganar el concurso.
pasado yo reunión asistir no,No asistí a la reunión.
pasado yo reunión poder asistir no,No pude asistir a la reunión.
pasado yo ropa comprar para fiesta,Compré ropa para la fiesta.
pasado yo salir no porque dinero tener no,No salí porque no tenía dinero.
pasado yo salir no porque miedo tener,No salí porque tenía miedo.
pasado yo salir no porque trabajo tener,No salí porque tenía que trabajar.
pasado yo sombrilla llevar para no mojar,Llevé sombrilla para no mojarme.
pasado yo tarde llegar porque carro mucho,Llegué tarde porque había tráfico.
pasado yo tarea hacer no porque yo olvidar,No hice la tarea porque se me olvidó.
pasado yo tarea terminar,Terminé la tarea.
pasado yo temprano llegar pero nadie haber,Llegué temprano pero no había nadie.
pasado yo temprano llegar pero reunión cancelar,Llegué temprano pero se canceló la reunión.
pasado yo trabajar no porque enfermo,No trabajé porque estaba enfermo.
pasado yo trabajar no porque vacaciones tener,No trabajé porque tengo vacaciones.
pasado yo verdad decir,Dije la verdad.
pasado yo visitar tu no porque yo ocupado,No te visité porque estaba ocupado.
pasillo tu correr no,No corras en el pasillo.
patio pelota estar pregunta,¿Está la pelota en el patio?
película emocionante mucho,La película es muy emocionante.
perro comer mucho,El perro come mucho.
perro hambre tener,El perro tiene hambre.
perro obedecer mucho,El perro es muy obediente.
perro tuyo pregunta,¿Es tuyo el perro?
piloto maleta llevar,El piloto lleva una maleta.
plan funcionar no,El plan no va a funcionar.
playa bonita mucho,La playa es muy bonita.
playa dónde pregunta,¿Dónde está la playa?
playa padres vacaciones estar,Mis padres están de vacaciones en la playa.
playa turista fotografía tomar,El turista toma una fotografía en la playa.
playa yo gustar ir,Me gusta ir a la playa. 
por favor cuando tu salir luz apagar,Por favor apaga la luz al salir.
por favor tu aire frío encender,Por favor enciende el aire acondicionado.
por favor tu basura sacar,Saca la basura por favor.
por favor tu estufa apagar,Por favor apaga la estufa.
precio cuánto pregunta,¿Cuánto cuesta?
precio entrar cuánto pregunta,¿Cuánto cuesta la entrada?
prima ingeniería estudiar,Mi prima estudia ingeniería.
prima piano tocar bien mucho,Mi prima toca el piano muy bien.
problema cuál pregunta,¿Cuál es el problema?
profesor llegar cuándo pregunta,¿Cuándo llega el profesor?
profesora amable,La profesora es amable.
reciclar importante para ambiente cuidar,Reciclar es importante para cuidar el ambiente.
recordar pasado tu casa visitar yo ver perro,Recuerdo que visité tu casa y vi un perro.
reloj sirve no,El reloj no sirve.
restaurante dónde pregunta,¿Dónde está el restaurante?
restaurante lleno,El restaurante está lleno.
restaurante mesera hamburguesa servir,La mesera sirve una hamburguesa en el restaurante.
restaurante nombre pregunta,¿Cómo se llama el restaurante?
restaurante opciones comida tener mucho,El restaurante tiene muchas opciones de comida.
restaurante tu ensalada gustar pregunta,¿Te gusta la ensalada del restaurante?
restaurante tu favorito cuál pregunta,¿Cuál es tu restaurante favorito?
restaurante yo poder encontrar no,No puedo encontrar el restaurante.
sábados hermano fútbol jugar,Mi hermano juega fútbol los sábados.
seguro tu dirección correcta tener,Estás seguro que tienes la dirección correcta.
semana pasada yo laptop nueva comprar,La semana pasada compré una laptop nueva.
serpiente tuya pregunta,¿Es tuya la serpiente?
sordo banco poder trabajar si o no pregunta,¿Puede trabajar un sordo en un banco?
sordomudo decir no sordo decir sí,No se dice sordomudo se dice sordo.
sordos vida difícil mucho,La vida de los sordos es muy difícil.
supermercado dónde pregunta,¿Dónde está el supermercado?
supermercado madre fruta comprar,Mi madre compra fruta en el supermercado.
supermercado tu ir y leche comprar,Ve al supermercado y compra leche.
supermercado tu sushi gustar pregunta,¿Te gusta el sushi del supermercado?
tal vez baños haber no,Tal vez no hay baños.
tal vez comida haber no,Tal vez no hay comida.
tal vez ella fiesta llegar,Tal vez ella llegue a la fiesta.
tal vez futuro hospital yo ir,Tal vez vaya al hospital.
tal vez futuro yo tiempo libre tener no,Tal vez no tenga tiempo libre.
tal vez mañana llover,Tal vez mañana llueva.
tal vez tiempo haber no,Tal vez no hay tiempo.
té gustar pero café preferir,Me gusta el té pero prefiero el café.
televisor dónde pregunta,¿Dónde está el televisor?
tiempo libre amiga poemas escribir,Mi amiga escribe poemas en su tiempo libre.
tienda abierta estar,La tienda está abierta.
tienda nombre pregunta,¿Cómo se llama la tienda?
tienda pan vender,La tienda vende pan.
tienda ropa tener descuentos,La tienda de ropa tiene descuentos.
tienda vendedor zapatos mostrar,El vendedor muestra zapatos de la tienda.
tío doctor ser,Mi tío es un doctor.
tío granja vivir,Mi tío vive en una granja.
todas las tardes parque niños jugar,Los niños juegan en el parque todas las tardes.
todo el día yo comer no,No comí en todo el día.
todos los días ella yoga practicar,Ella practica yoga todos los días.
todos los días supermercado abrir,El supermercado abre todos los días.
todos los días tu estudiar,Estudias todos los días.
todos los días yo televisión ver no,No veo televisión todos los días.
todos los martes él natación practicar,Él practica natación los martes.
trabajo pagar poco,El trabajo paga poco.
tren salida hora pregunta,¿A qué hora sale el tren?
tu agua beber hoy pregunta,¿Bebiste agua hoy?
tu agua calentar antes tu bañar,Calienta el agua antes de bañarte.
tu amable pero amigos tener mucho no,Eres amable pero no tienes muchos amigos.
tu amiga quién pregunta,¿Quién es tu amiga?
tu animal favorito cuál pregunta,¿Cuál es tu animal favorito?
tu aniversario cuándo pregunta,¿Cuándo es tu aniversario?
tu año cuánto pregunta,¿Cuántos años tienes?
tu aprender cómo pregunta,¿Cómo aprendiste?
tu aprender cuándo pregunta,¿Cuándo aprendiste?
tu aprender dónde pregunta,¿Dónde aprendiste?
tu ayudar abuela calle cruzar,Ayuda a tu abuela a cruzar la calle.
tu ayudar hermano su tarea,Ayuda a tu hermano con su tarea.
tu beber qué pregunta,¿Qué bebes?
tu bicicleta nueva pregunta,¿Es nueva tu bicicleta?
tu bicicleta saber manejar pregunta,¿Sabes manejar bicicleta?
tu bicicleta tener pregunta,¿Tienes bicicleta?
tu bomberos llamar,Llama a los bomberos.
tu cansado estar pregunta,¿Estás cansado?
tu carro haber pregunta,¿Tienes carro?
tu carro poder pregunta,¿Puedes manejar carro?
tu casa dónde pregunta,¿Dónde está tu casa?
tu cena dónde pregunta,¿Dónde vas a cenar?
tu chuleta gustar pregunta,¿Te gusta la chuleta?
tu clima revisar antes tu salir,Revisa el clima antes de salir.
tu cocinar qué pregunta,¿Qué cocinas?
tu color favorito cuál pregunta,¿Cuál es tu color favorito?
tu comer qué pregunta,¿Qué comes?
tu comida favorita cuál pregunta,¿Cuál es tu comida favorita?
tu comprar qué pregunta,¿Qué compras?
tú computadora poder arreglar pregunta,¿Puedes arreglar la computadora?
tu corazón bien tener,Tienes un buen corazón.
tu correo electrónico revisar,Revisa tu correo electrónico.
tu creer bien o mal pregunta,¿Crees que está bien o mal?
tu cuaderno escribir revisar antes examen,Revisa tus notas antes del examen.
tu cuarto limpiar ahora,Limpia tu cuarto ahora.
tu cuchillos jugar no,No juegues con cuchillos.
tu cuidado tener cuando escaleras subir,Ten cuidado cuando subas las escaleras.
tu cumpleaños cuándo pregunta,¿Cuándo es tu cumpleaños?
tu decir qué pregunta,¿Qué dices?
tu deporte practicar cuál pregunta,¿Cuál deporte practicas?
tu desayunar bien antes tu trabajar,Desayuna bien antes de trabajar.
tu descansar si cansado sentir,Descansa si te sientes cansado.
tu dinero ahorrar para casa comprar,Ahorra dinero para comprar una casa.
tu dinero ahorrar para viajar,Ahorra dinero para viajar.
tu dinero guardar para emergencias,Guarda dinero para emergencias.
tu dinero prestar yo pregunta,¿Me prestas dinero?
tu dinero tener pregunta,¿Tienes dinero?
tu doctor bien pero amable no,Eres buen doctor pero no eres amable.
tu dormir dónde pregunta,¿Dónde duermes?
tu ejercicio hacer para salud mejor,Haz ejercicio para mejorar tu salud.
tu emergencias llamar ahora,Llama a emergencias ahora mismo.
tu enfermedad tener,Estás enfermo.
tu ensalada gustar no pregunta,¿No te gusta la ensalada?
tu entrada comprar antes tu cine ir,Compra la entrada antes de ir al cine.
tu escritorio organizar antes tu estudiar,Organiza tu escritorio antes de estudiar.
tu estar cómo pregunta,¿Cómo estás?
tu estar enojado pregunta,¿Estás enojado?
tu estar ocupado pregunta,¿Estás ocupado?
tu estudiar dónde pregunta,¿Dónde estudias?
tu estudiar mucho para examen ganar,Estudia mucho para ganar el examen.
tu estudiar para examen mañana,Estudia para el examen de mañana.
tu estudiar qué pregunta,¿Qué estudias?
tu examen bien mal cómo pregunta,¿Cómo te fue en el examen?
tu extraños hablar no,No hables con extraños.
tu familia vivir dónde pregunta,¿Dónde vive tu familia?
tu frío tener,Tienes frío.
tu fuego apagar,Apaga el fuego.
tu fuego jugar no,No juegues con fuego.
tu fumar no,No fumes.
tu graduación cuándo pregunta,¿Cuándo es tu graduación?
tu guardar comer,Guarda la comida.
tu hablar despacio por favor,Habla despacio por favor.
tu hablar no mientras tu comer,Mientras comas no hables.
tu hablar señas despacio porque yo entender rápido no,Habla despacio en señas porque no entiendo rápido.
tu hacer qué pregunta,¿Qué haces?
tu hambre tener,Tienes hambre.
tu hermana años tener cuánto pregunta,¿Cuántos años tiene tu hermana?
tu hermana dónde pregunta,¿Dónde está tu hermana?
tu hermana mayor hijos tener pregunta,¿Tiene hijos tu hermana mayor?
tu hermana tener pregunta,¿Tienes una hermana?
tu hermano dónde pregunta,¿Dónde está tu hermano?
tu hermano estudiar dónde pregunta,¿Dónde estudia tu hermano?
tu hija gustar leer pregunta,¿A tu hija le gusta leer?
tu hijo gustar leer pregunta,¿A tu hijo le gusta leer?
tu idea opinar qué pregunta,¿Qué opinas de esta idea?
tu idiomas saber cuántos pregunta,¿Cuántos idiomas sabes?
tu importante resaltar mientras tu leer,Mientras lees resalta lo importante.
tu información encontrar dónde pregunta,¿Dónde encontraste esa información?
tu informe presentar ya pregunta,¿Ya presentaste tu informe?
tu inglés hablar pregunta,¿Hablas inglés?
tu instrucciones leer antes empezar,Lee las instrucciones antes de empezar.
tu inteligente mucho,Eres muy inteligente.
tu ir dónde pregunta,¿A dónde vas?
tu jugar guardar,Guarda tus juguetes.
tu juguetes compartir amigos,Comparte tus juguetes con tus amigos.
tu lapiz tener pregunta,¿Tienes un lápiz?
tu libro escoger para leer,Escoge un libro para leer.
tu libro leer antes tu dormir,Lee un libro antes de dormir.
tu libro leer yo prestar pasado,Lee el libro que te presté.
tu libros tener cuántos pregunta,¿Cuántos libros tienes?
tu lista hacer para nada olvidar,Haz una lista para no olvidar nada.
tu llaves guardar dónde pregunta,¿Dónde guardaste las llaves?
tu llorar no mientras tu gritar,Mientras grites no llores.
tu luz apagar antes tu dormir,Apaga la luz antes de dormir.
tu luz encender por favor,Por favor enciende la luz.
tu maestra nombre pregunta,¿Cómo se llama tu maestra?
tu manos lavar antes comer,Lávate las manos antes de comer.
tu manos lavar antes tu comer,Lávate las manos antes de comer.
tu manzanas gustar pregunta,¿Te gustan las manzanas?
tu medicinas tomar puntual,Toma tus medicinas puntualmente.
tu mejor esfuerzo hacer,Haz tu mejor esfuerzo.
tu mentir mamá no,No le mientas a tu mamá.
tu mirar yo mientras tu hablar,Mientras hablas mírame.
tu mochila abrir para libro sacar,Abre tu mochila para sacar el libro.
tu músculo estirar para problemas evitar,Estira los músculos para evitar lesiones.
tu música cantar,Canta una canción.
tu música escuchar,Escuchas música.
tu nacer dónde pregunta,¿Dónde naciste?
tu necesitar comprar qué pregunta,¿Qué necesitas comprar?
tu nombre cuál pregunta,¿Cuál es tu nombre?
tu nombre escribir aquí,Escribe tu nombre aquí.
tu nombre pregunta,¿Cómo te llamas?
tu novio nombre pregunta,¿Cómo se llama tu novio?
tu olvidar no televisión apagar ,No olvides apagar la televión.
tu olvidar no tu llave,No olvides tu llave.
tu opciones analizar antes tu decidir,Analiza las opciones antes de decidir.
tu opinión cuál pregunta,¿Cuál es tu opinión?
tu padre trabajar pregunta,¿Tu padre trabaja?
tu pagar yo primero después yo enseñar tu,Primero págame y después te enseño.
tu papá años tener cuánto pregunta,¿Cuántos años tiene tu papá?
tu papá llamar ya pregunta,¿Ya llamaste a tu papá?
tu pasaporte guardar dónde pregunta,¿Dónde guardaste tu pasaporte?
tu película querer ver cuál pregunta,¿Cuál película quieres ver?
tu peluche guardar dónde pregunta,¿Dónde guardaste tu peluche?
tu pensar bien antes tu hablar,Piensa bien antes de hablar.
tu pensar qué pregunta,¿Qué piensas tu?
tu perro nombre pregunta,¿Cómo se llama tu perro?
tu perro raza cuál pregunta,¿Cuál es la raza de tu perro?
tu pizza comer pregunta,¿Comiste pizza ayer?
tu policías llamar,Llama a los policías.
tu pollo querer pregunta,¿Quieres pollo?
tu precio investigar antes tu comprar,Investiga los precios antes de comprar.
tu profesor nombre pregunta,¿Cómo se llama tu profesor?
tu proyecto pensar qué pregunta,¿Qué piensas del proyecto?
tu puerta abrir no,No abras la puerta.
tu puerta cerrar antes tu salir,Cierra la puerta antes de salir.
tu querer comer qué pregunta,¿Qué quieres comer?
tu querer poder avisar yo,Si quieres puedes avisarme.
tu querer qué pregunta,¿Qué quieres?
tu querer visitar dónde pregunta ,¿Dónde quieres visitar?
tu reglas seguir mientras tu jugar,Mientras juegas sigue las reglas.
tu reloj bonito comprar dónde pregunta,¿Dónde compraste el reloj bonito?
tu revista leer mientras tu esperar,Mientras esperas lee una revista.
tu robar yo lapiz pregunta,¿Te robaste mi lápiz?
tu salir no mientras llover,Mientras llueve no salgas.
tu sed tener,Tienes sed.
tu sentir cómo pregunta,¿Cómo te sientes?
tu sentir feliz pregunta,¿Te sientes feliz?
tu silencio hacer para molestar no,Haz silencio para no molestar.
tu situación pensar qué pregunta,¿Qué piensas de la situación?
tu sueño tener,Tienes sueño.
tu tarea hacer para aprender más,Haz la tarea para aprender más.
tu teléfono nuevo pregunta,¿Tu teléfono es nuevo?
tu teléfono prestar yo pregunta,¿Me prestas tu teléfono?
tu teléfono usar no mientras tu cocinar,Mientras cocinas no uses el teléfono.
tu teléfono usar no mientras tu estudiar,Mientras estudias no uses el teléfono.
tu tener estudiar pregunta,¿Tienes que estudiar?
tu tener yo cartera pregunta,¿Tu tienes mi cartera?
tu tiempo libre hacer qué pregunta,¿Qué haces en tu tiempo libre?
tu tiempo necesitar cuánto pregunta,¿Cuánto tiempo necesitas?
tu timbre tocar no,No toques el timbre.
tu tocar no estufa caliente,No toques la estufa caliente.
tu trabajar dónde pregunta,¿Dónde trabajas?
tu trabajar duro para sueños alcanzar,Trabaja duro para alcanzar tus sueños.
tu trabajo llegar temprano siempre,Tu siempre llegas temprano al trabajo.
tu trabajo tener pregunta,¿Tienes trabajo?
tu trabajo terminar antes salir,Termina tu trabajo antes de salir.
tu venir aquí ahora rápido,Ven aquí inmediatamente.
tu ventana abrir para aire entrar,Abre la ventana para que entre aire.
tu ventana cerrar,Cierra la ventana.
tu vivir dónde pregunta,¿Dónde vives?
tu vivir lejos,Tu vives lejos.
tu ya título tener pregunta,¿Ya tienes tu título?
tu yo diferente opinión,Tu y yo tenemos opiniones diferentes.
universidad ella arquitectura estudiar,Ella estudia arquitectura en la universidad.
universidad hermana medicina estudiar,Mi hermana estudia medicina en la universidad.
universidad profesor presentación hacer,El profesor hace una presentación en la universidad.
universidad tu estudiar cuál pregunta,¿En cuál universidad estudias?
vecino gato blanco tener,Mi vecino tiene un gato blanco.
vecinos amable mucho,Mis vecinos son muy amables.
vestido gustar,Me gusta ese vestido.
vestido precio cuánto pregunta,¿Cuánto cuesta el vestido?
viajar gustar pero miedo volar,Me gusta viajar pero me da miedo volar.
viernes yo amigos salir,Mis amigos y yo salimos los viernes.
vuelo salida hora pregunta,¿A qué hora sale el vuelo?
yer yo película divertida ver,Ayer vi una película divertida.
yo aeropuerto ir,Voy al aeropuerto.
yo alfabeto internacional usar no,No uso el alfabeto internacional.
yo bien,Yo estoy bien.
yo bomberos llamar por error,Llamé a los bomberos por error.
yo café caliente gustar no,No me gusta el café caliente.
yo café gustar no porque amargo,No me gusta el café porque es amargo.
yo calle conocer no,No conozco esa calle.
yo calor gustar no,No me gusta el calor.
yo carne comer no,No como carne.
yo carro tener no,No tengo carro.
yo casa cambiar pronto,Me voy a mudar pronto.
yo casa ir,Voy a casa.
yo casa rentar pero pagar no porque trabajo no,Rento una casa pero no puedo pagar porque no trabajo.
yo chocolate gustar,Me gusta el chocolate.
yo clínica ir,Voy a la clínica. 
yo comida luz agua preocupar,La comida la luz y el agua me preocupan.
yo conocer él no,No lo conozco. 
yo conocer ella,Sí la conozco. 
yo correr después descansar,Corro y después descanso.
yo desayuno cocinar,Cocino el desayuno.
yo dinero tener no para comprar,No tengo dinero para comprar.
yo encontrar cartera no,No encuentro mi cartera.
yo encontrar lentes no,No encuentro mis lentes.
yo encontrar teléfono no,No encuentro mi teléfono.
yo energía querer tener más,Quiero tener más energía.
yo enfermar porque frío mucho,Me enfermé porque hacía mucho frío.
yo entender tema díficil,Entiendo que es un tema difícil.
yo frío gustar no,No me gusta el frío.
yo fútbol gustar no,No me gusta el fútbol.
yo gatos gustar no,No me gustan los gatos.
yo hacer tarea,Estoy haciendo tarea.
yo hermanos tener no,No tengo hermanos.
yo hospital ir,Voy al hospital.
yo juego ganar querer,Quiero ganar el juego.
yo leche fría tomar,Yo tomo leche fría.
yo lentes dónde pregunta,¿Dónde están mis lentes?
yo libro dónde pregunta,¿Dónde está mi libro?
yo libro favorito cuál pregunta,¿Cuál es mi libro favorito?
yo libro leer no,No he leído ese libro.
yo libro poder encontrar no,No puedo encontrar mi libro.
yo lluvia gustar no,No me gusta la lluvia.
yo manos lavar siempre,Siempre me lavo las manos.
yo mercado ir,Voy al mercado.
yo no entender,No entiendo.
yo no entender nuevo señas,No entiendo las nuevas señas.
yo paciencia querer tener más,Quiero tener más paciencia.
yo pasaporte dónde pregunta,¿Dónde está mi pasaporte?
yo persona conocer no,No conozco a esa persona.
yo pescado gustar no,No me gusta el pescado.
yo piano gustar tocar,Me gusta tocar el piano.
yo picante gustar no,No me gusta el picante.
yo playa ir,Voy a la playa.
yo problema entender no,No entiendo este problema.
yo psicólogo necesitar,Necesito un psicólogo.
yo querer cantar pero poder no,Quiero cantar pero no puedo.
yo querer comprar pero caro,Quiero comprarlo pero está caro.
yo querer comprar pero caro mucho,Quiero comprarlo pero está muy caro.
yo querer estudiar pero aburrido,Quiero estudiar pero estoy aburrido.
yo querer más tiempo leer,Quiero tener más tiempo para leer.
yo respuesta saber,Yo sé la respuesta.
yo saber no actividad poder ir,No sé si pueda ir a la actividad.
yo saber no ahora emergencia si o no,No sé si esto es una emergencia.
yo saber no casa hermana estar,No sé si mi heramana está en su casa.
yo saber no cómo hospital llegar,No sé cómo llegar al hospital.
yo saber no doctor entender pasado yo decir,No sé si el doctor entendió lo que le dije.
yo saber no dónde tienda estar,No sé dónde está la tienda.
yo saber no español hablar,No sé hablar en español.
yo saber no futuro él reunión venir,No sé si él vendrá a la reunión.
yo saber no futuro tu venir,No sé si tu vendrás.
yo saber no futuro yo colegio poder encontrar,No sé si podré encontrar el colegio.
yo saber no inglés hablar,No sé hablar en inglés.
yo saber no llamar bomberos,No sé llamar a los bomberos.
yo saber no máquina usar,No sé usar la máquina.
yo saber no nadar,No sé nadar.
yo saber no parque poder ir,No sé si puedo ir al parque.
yo saber no piano tocar,No sé tocar el piano.
yo saber no poder ayudar,No sé si puedo ayudar.
yo saber no tu música gustar,No sé si te gusta la música.
yo saber no tu nombre,No sé tu nombre.
yo saber no yo dirección tener bien,No sé si tengo la dirección correcta.
yo salir no porque sol mucho,No salgo porque hay mucho sol.
yo sano querer ser más,Quiero ser más saludable.
yo sopa pollo gustar mucho,La sopa de pollo me gusta mucho.
yo sordo escuchar música no,Soy sordo no escucho música.
yo sordo escuchar no,Soy sordo no escucho.
yo sordo escuchar radio no,Soy sordo no escucho la radio.
yo sordo tener trabajo no poco comida,Soy sordo no tengo trabajo y tengo poca comida.
yo tarea tener mucho,Tengo mucha tarea.
yo tarea terminar,Estoy terminando la tarea.
yo tarea terminar todavía no,Aún no he terminado mi tarea.
yo teléfono responder no porque teléfono robar,No respondí el teléfono porque me lo robaron.
yo tema matemáticas entender no,No entiendo este tema de matemáticas.
yo temprano levantar gustar no,No me gusta levantarme temprano.
yo tener tiempo no para descansar,No tengo tiempo para descansar.
yo tiempo libre querer tener más,Quiero tener más tiempo libre.
yo tiempo tener no para cine ir,No tengo tiempo para ir al cine.
yo tiempo tener no para ir comprar,No tengo tiempo para ir a comprar.
yo trabajar no,Yo no trabajo.
yo verdad decir,Digo la verdad.
zoológico niño mono ver,El niño ve un mono en el zoológico.
zoológico tigre tener pregunta,¿El zoológico tiene un tigre?